class	path
util.linalg.RectangularMatrix	/Users/nima/Desktop/injection-experiment-gradle/abagil/src/main/java/util/linalg/RectangularMatrix.java
util.linalg.Matrix	/Users/nima/Desktop/injection-experiment-gradle/abagil/src/main/java/util/linalg/Matrix.java
shared.Copyable	/Users/nima/Desktop/injection-experiment-gradle/abagil/src/main/java/shared/Copyable.java
util.linalg.Vector	/Users/nima/Desktop/injection-experiment-gradle/abagil/src/main/java/util/linalg/Vector.java
util.linalg.SingularValueDecomposition	/Users/nima/Desktop/injection-experiment-gradle/abagil/src/main/java/util/linalg/SingularValueDecomposition.java
util.linalg.DiagonalMatrix	/Users/nima/Desktop/injection-experiment-gradle/abagil/src/main/java/util/linalg/DiagonalMatrix.java
util.linalg.CholeskyFactorization	/Users/nima/Desktop/injection-experiment-gradle/abagil/src/main/java/util/linalg/CholeskyFactorization.java
util.linalg.LowerTriangularMatrix	/Users/nima/Desktop/injection-experiment-gradle/abagil/src/main/java/util/linalg/LowerTriangularMatrix.java
util.linalg.UpperTriangularMatrix	/Users/nima/Desktop/injection-experiment-gradle/abagil/src/main/java/util/linalg/UpperTriangularMatrix.java
util.linalg.DenseVector	/Users/nima/Desktop/injection-experiment-gradle/abagil/src/main/java/util/linalg/DenseVector.java
util.linalg.TridiagonalDecomposition	/Users/nima/Desktop/injection-experiment-gradle/abagil/src/main/java/util/linalg/TridiagonalDecomposition.java
util.linalg.BidiagonalDecomposition	/Users/nima/Desktop/injection-experiment-gradle/abagil/src/main/java/util/linalg/BidiagonalDecomposition.java
util.linalg.HouseholderReflection	/Users/nima/Desktop/injection-experiment-gradle/abagil/src/main/java/util/linalg/HouseholderReflection.java
util.linalg.HessenbergDecomposition	/Users/nima/Desktop/injection-experiment-gradle/abagil/src/main/java/util/linalg/HessenbergDecomposition.java
util.linalg.SymmetricEigenvalueDecomposition	/Users/nima/Desktop/injection-experiment-gradle/abagil/src/main/java/util/linalg/SymmetricEigenvalueDecomposition.java
util.linalg.RealSchurDecomposition	/Users/nima/Desktop/injection-experiment-gradle/abagil/src/main/java/util/linalg/RealSchurDecomposition.java
util.linalg.LUDecomposition	/Users/nima/Desktop/injection-experiment-gradle/abagil/src/main/java/util/linalg/LUDecomposition.java
util.linalg.QRDecomposition	/Users/nima/Desktop/injection-experiment-gradle/abagil/src/main/java/util/linalg/QRDecomposition.java
util.linalg.GivensRotation	/Users/nima/Desktop/injection-experiment-gradle/abagil/src/main/java/util/linalg/GivensRotation.java
util.test.EigenvalueDecompositionTest	/Users/nima/Desktop/injection-experiment-gradle/abagil/src/main/java/util/test/EigenvalueDecompositionTest.java
util.test.SymmetricEigenvalueDecompositionTest	/Users/nima/Desktop/injection-experiment-gradle/abagil/src/main/java/util/test/SymmetricEigenvalueDecompositionTest.java
util.test.HouseholderReflectionTest	/Users/nima/Desktop/injection-experiment-gradle/abagil/src/main/java/util/test/HouseholderReflectionTest.java
util.test.LowerTriangularMatrixTest	/Users/nima/Desktop/injection-experiment-gradle/abagil/src/main/java/util/test/LowerTriangularMatrixTest.java
util.test.BidiagonalDecompositionTest	/Users/nima/Desktop/injection-experiment-gradle/abagil/src/main/java/util/test/BidiagonalDecompositionTest.java
util.test.HessenbergDecompositionTest	/Users/nima/Desktop/injection-experiment-gradle/abagil/src/main/java/util/test/HessenbergDecompositionTest.java
util.test.UpperTriangularMatrixTest	/Users/nima/Desktop/injection-experiment-gradle/abagil/src/main/java/util/test/UpperTriangularMatrixTest.java
util.test.QRDecompositionTest	/Users/nima/Desktop/injection-experiment-gradle/abagil/src/main/java/util/test/QRDecompositionTest.java
util.test.SingularValueDecompositionTest	/Users/nima/Desktop/injection-experiment-gradle/abagil/src/main/java/util/test/SingularValueDecompositionTest.java
util.test.ABAGAILArraysTest	/Users/nima/Desktop/injection-experiment-gradle/abagil/src/main/java/util/test/ABAGAILArraysTest.java
util.test.LUDecompositionTest	/Users/nima/Desktop/injection-experiment-gradle/abagil/src/main/java/util/test/LUDecompositionTest.java
util.test.CholeskyFactorizationTest	/Users/nima/Desktop/injection-experiment-gradle/abagil/src/main/java/util/test/CholeskyFactorizationTest.java
util.test.TridiagonalDecompositionTest	/Users/nima/Desktop/injection-experiment-gradle/abagil/src/main/java/util/test/TridiagonalDecompositionTest.java
util.graph.DFSTree	/Users/nima/Desktop/injection-experiment-gradle/abagil/src/main/java/util/graph/DFSTree.java
util.graph.GraphTransformation	/Users/nima/Desktop/injection-experiment-gradle/abagil/src/main/java/util/graph/GraphTransformation.java
util.graph.Graph	/Users/nima/Desktop/injection-experiment-gradle/abagil/src/main/java/util/graph/Graph.java
util.graph.Node	/Users/nima/Desktop/injection-experiment-gradle/abagil/src/main/java/util/graph/Node.java
util.graph.Edge	/Users/nima/Desktop/injection-experiment-gradle/abagil/src/main/java/util/graph/Edge.java
util.graph.Tree	/Users/nima/Desktop/injection-experiment-gradle/abagil/src/main/java/util/graph/Tree.java
util.graph.WeightedEdge	/Users/nima/Desktop/injection-experiment-gradle/abagil/src/main/java/util/graph/WeightedEdge.java
util.graph.KruskalsMST	/Users/nima/Desktop/injection-experiment-gradle/abagil/src/main/java/util/graph/KruskalsMST.java
util.ABAGAILArrays	/Users/nima/Desktop/injection-experiment-gradle/abagil/src/main/java/util/ABAGAILArrays.java
util.MaxHeap	/Users/nima/Desktop/injection-experiment-gradle/abagil/src/main/java/util/MaxHeap.java
util.MaxHeap$HeapItem	/Users/nima/Desktop/injection-experiment-gradle/abagil/src/main/java/util/MaxHeap.java
util.TimeUtil	/Users/nima/Desktop/injection-experiment-gradle/abagil/src/main/java/util/TimeUtil.java
dist.MultivariateGaussian	/Users/nima/Desktop/injection-experiment-gradle/abagil/src/main/java/dist/MultivariateGaussian.java
dist.AbstractDistribution	/Users/nima/Desktop/injection-experiment-gradle/abagil/src/main/java/dist/AbstractDistribution.java
dist.Distribution	/Users/nima/Desktop/injection-experiment-gradle/abagil/src/main/java/dist/Distribution.java
shared.Instance	/Users/nima/Desktop/injection-experiment-gradle/abagil/src/main/java/shared/Instance.java
shared.DataSet	/Users/nima/Desktop/injection-experiment-gradle/abagil/src/main/java/shared/DataSet.java
shared.DataSetDescription	/Users/nima/Desktop/injection-experiment-gradle/abagil/src/main/java/shared/DataSetDescription.java
shared.AttributeType	/Users/nima/Desktop/injection-experiment-gradle/abagil/src/main/java/shared/AttributeType.java
dist.DiscretePermutationDistribution	/Users/nima/Desktop/injection-experiment-gradle/abagil/src/main/java/dist/DiscretePermutationDistribution.java
dist.LabelDistribution	/Users/nima/Desktop/injection-experiment-gradle/abagil/src/main/java/dist/LabelDistribution.java
dist.DiscreteDistributionTable	/Users/nima/Desktop/injection-experiment-gradle/abagil/src/main/java/dist/DiscreteDistributionTable.java
dist.AbstractConditionalDistribution	/Users/nima/Desktop/injection-experiment-gradle/abagil/src/main/java/dist/AbstractConditionalDistribution.java
dist.ConditionalDistribution	/Users/nima/Desktop/injection-experiment-gradle/abagil/src/main/java/dist/ConditionalDistribution.java
dist.DiscreteDistribution	/Users/nima/Desktop/injection-experiment-gradle/abagil/src/main/java/dist/DiscreteDistribution.java
dist.UnivariateGaussian	/Users/nima/Desktop/injection-experiment-gradle/abagil/src/main/java/dist/UnivariateGaussian.java
dist.test.MultivariateGaussianTest	/Users/nima/Desktop/injection-experiment-gradle/abagil/src/main/java/dist/test/MultivariateGaussianTest.java
dist.test.HMMRandomCoinTest	/Users/nima/Desktop/injection-experiment-gradle/abagil/src/main/java/dist/test/HMMRandomCoinTest.java
dist.test.DiscreteDistributionTest	/Users/nima/Desktop/injection-experiment-gradle/abagil/src/main/java/dist/test/DiscreteDistributionTest.java
dist.test.HMMConditionalMonsterKnowledgeTest	/Users/nima/Desktop/injection-experiment-gradle/abagil/src/main/java/dist/test/HMMConditionalMonsterKnowledgeTest.java
dist.test.MixtureDistributionTest	/Users/nima/Desktop/injection-experiment-gradle/abagil/src/main/java/dist/test/MixtureDistributionTest.java
dist.test.HMMConditionalMonsterTest	/Users/nima/Desktop/injection-experiment-gradle/abagil/src/main/java/dist/test/HMMConditionalMonsterTest.java
dist.test.DiscreteDependencyTreeTest	/Users/nima/Desktop/injection-experiment-gradle/abagil/src/main/java/dist/test/DiscreteDependencyTreeTest.java
dist.test.HMMWumpusTest	/Users/nima/Desktop/injection-experiment-gradle/abagil/src/main/java/dist/test/HMMWumpusTest.java
dist.test.HMMCoinTest	/Users/nima/Desktop/injection-experiment-gradle/abagil/src/main/java/dist/test/HMMCoinTest.java
dist.MixtureDistribution	/Users/nima/Desktop/injection-experiment-gradle/abagil/src/main/java/dist/MixtureDistribution.java
dist.DiscreteDependencyTreeNode	/Users/nima/Desktop/injection-experiment-gradle/abagil/src/main/java/dist/DiscreteDependencyTreeNode.java
dist.DiscreteUniformDistribution	/Users/nima/Desktop/injection-experiment-gradle/abagil/src/main/java/dist/DiscreteUniformDistribution.java
dist.PrecalculatedDistribution	/Users/nima/Desktop/injection-experiment-gradle/abagil/src/main/java/dist/PrecalculatedDistribution.java
dist.FixedComponentMixtureDistribution	/Users/nima/Desktop/injection-experiment-gradle/abagil/src/main/java/dist/FixedComponentMixtureDistribution.java
dist.DiscreteDependencyTreeRootNode	/Users/nima/Desktop/injection-experiment-gradle/abagil/src/main/java/dist/DiscreteDependencyTreeRootNode.java
dist.DiscreteDependencyTree	/Users/nima/Desktop/injection-experiment-gradle/abagil/src/main/java/dist/DiscreteDependencyTree.java
dist.FixedDistribution	/Users/nima/Desktop/injection-experiment-gradle/abagil/src/main/java/dist/FixedDistribution.java
dist.hmm.SimpleStateDistributionTable	/Users/nima/Desktop/injection-experiment-gradle/abagil/src/main/java/dist/hmm/SimpleStateDistributionTable.java
dist.hmm.StateDistribution	/Users/nima/Desktop/injection-experiment-gradle/abagil/src/main/java/dist/hmm/StateDistribution.java
dist.hmm.SimpleHiddenMarkovModel	/Users/nima/Desktop/injection-experiment-gradle/abagil/src/main/java/dist/hmm/SimpleHiddenMarkovModel.java
dist.hmm.ModularHiddenMarkovModel	/Users/nima/Desktop/injection-experiment-gradle/abagil/src/main/java/dist/hmm/ModularHiddenMarkovModel.java
dist.hmm.HiddenMarkovModel	/Users/nima/Desktop/injection-experiment-gradle/abagil/src/main/java/dist/hmm/HiddenMarkovModel.java
dist.hmm.ForwardBackwardProbabilityCalculator	/Users/nima/Desktop/injection-experiment-gradle/abagil/src/main/java/dist/hmm/ForwardBackwardProbabilityCalculator.java
dist.hmm.StateSequenceCalculator	/Users/nima/Desktop/injection-experiment-gradle/abagil/src/main/java/dist/hmm/StateSequenceCalculator.java
dist.hmm.HiddenMarkovModelReestimator	/Users/nima/Desktop/injection-experiment-gradle/abagil/src/main/java/dist/hmm/HiddenMarkovModelReestimator.java
shared.Trainer	/Users/nima/Desktop/injection-experiment-gradle/abagil/src/main/java/shared/Trainer.java
dist.hmm.SimpleStateDistribution	/Users/nima/Desktop/injection-experiment-gradle/abagil/src/main/java/dist/hmm/SimpleStateDistribution.java
dist.hmm.ConditionalStateDistributionWrapper	/Users/nima/Desktop/injection-experiment-gradle/abagil/src/main/java/dist/hmm/ConditionalStateDistributionWrapper.java
shared.reader.ArffDataSetReader	/Users/nima/Desktop/injection-experiment-gradle/abagil/src/main/java/shared/reader/ArffDataSetReader.java
shared.reader.DataSetReader	/Users/nima/Desktop/injection-experiment-gradle/abagil/src/main/java/shared/reader/DataSetReader.java
shared.reader.CSVDataSetReader	/Users/nima/Desktop/injection-experiment-gradle/abagil/src/main/java/shared/reader/CSVDataSetReader.java
shared.reader.DataSetLabelBinarySeperator	/Users/nima/Desktop/injection-experiment-gradle/abagil/src/main/java/shared/reader/DataSetLabelBinarySeperator.java
shared.AbstractDistanceMeasure	/Users/nima/Desktop/injection-experiment-gradle/abagil/src/main/java/shared/AbstractDistanceMeasure.java
shared.DistanceMeasure	/Users/nima/Desktop/injection-experiment-gradle/abagil/src/main/java/shared/DistanceMeasure.java
shared.MixedDistanceMeasure	/Users/nima/Desktop/injection-experiment-gradle/abagil/src/main/java/shared/MixedDistanceMeasure.java
shared.FixedIterationTrainer	/Users/nima/Desktop/injection-experiment-gradle/abagil/src/main/java/shared/FixedIterationTrainer.java
shared.test.CSVDataSetReaderTest	/Users/nima/Desktop/injection-experiment-gradle/abagil/src/main/java/shared/test/CSVDataSetReaderTest.java
shared.test.IndepenentComponentAnalysisTest	/Users/nima/Desktop/injection-experiment-gradle/abagil/src/main/java/shared/test/IndepenentComponentAnalysisTest.java
shared.test.PrincipalComponentAnalysisTest	/Users/nima/Desktop/injection-experiment-gradle/abagil/src/main/java/shared/test/PrincipalComponentAnalysisTest.java
shared.test.LinearDiscriminantAnalysisTest	/Users/nima/Desktop/injection-experiment-gradle/abagil/src/main/java/shared/test/LinearDiscriminantAnalysisTest.java
shared.test.ArffDataSetReaderTest	/Users/nima/Desktop/injection-experiment-gradle/abagil/src/main/java/shared/test/ArffDataSetReaderTest.java
shared.test.InsignificantComponentAnalysisTest	/Users/nima/Desktop/injection-experiment-gradle/abagil/src/main/java/shared/test/InsignificantComponentAnalysisTest.java
shared.test.LabelSelectFilterTest	/Users/nima/Desktop/injection-experiment-gradle/abagil/src/main/java/shared/test/LabelSelectFilterTest.java
shared.ErrorMeasure	/Users/nima/Desktop/injection-experiment-gradle/abagil/src/main/java/shared/ErrorMeasure.java
shared.runner.MultiRunner	/Users/nima/Desktop/injection-experiment-gradle/abagil/src/main/java/shared/runner/MultiRunner.java
shared.runner.Runner	/Users/nima/Desktop/injection-experiment-gradle/abagil/src/main/java/shared/runner/Runner.java
shared.writer.Writer	/Users/nima/Desktop/injection-experiment-gradle/abagil/src/main/java/shared/writer/Writer.java
shared.tester.AccuracyTestMetric	/Users/nima/Desktop/injection-experiment-gradle/abagil/src/main/java/shared/tester/AccuracyTestMetric.java
shared.tester.TestMetric	/Users/nima/Desktop/injection-experiment-gradle/abagil/src/main/java/shared/tester/TestMetric.java
shared.tester.ConfusionMatrixTestMetric	/Users/nima/Desktop/injection-experiment-gradle/abagil/src/main/java/shared/tester/ConfusionMatrixTestMetric.java
shared.tester.ConfusionMatrixTestMetric$MatrixEntry	/Users/nima/Desktop/injection-experiment-gradle/abagil/src/main/java/shared/tester/ConfusionMatrixTestMetric.java
shared.tester.RawOutputTestMetric	/Users/nima/Desktop/injection-experiment-gradle/abagil/src/main/java/shared/tester/RawOutputTestMetric.java
shared.ThresholdTrainer	/Users/nima/Desktop/injection-experiment-gradle/abagil/src/main/java/shared/ThresholdTrainer.java
shared.AbstractErrorMeasure	/Users/nima/Desktop/injection-experiment-gradle/abagil/src/main/java/shared/AbstractErrorMeasure.java
shared.OccasionalPrinter	/Users/nima/Desktop/injection-experiment-gradle/abagil/src/main/java/shared/OccasionalPrinter.java
shared.writer.CSVWriter	/Users/nima/Desktop/injection-experiment-gradle/abagil/src/main/java/shared/writer/CSVWriter.java
shared.DataSetWriter	/Users/nima/Desktop/injection-experiment-gradle/abagil/src/main/java/shared/DataSetWriter.java
shared.tester.PrecisionTestMetric	/Users/nima/Desktop/injection-experiment-gradle/abagil/src/main/java/shared/tester/PrecisionTestMetric.java
shared.tester.Comparison	/Users/nima/Desktop/injection-experiment-gradle/abagil/src/main/java/shared/tester/Comparison.java
shared.tester.RecallTestMetric	/Users/nima/Desktop/injection-experiment-gradle/abagil/src/main/java/shared/tester/RecallTestMetric.java
shared.tester.Tester	/Users/nima/Desktop/injection-experiment-gradle/abagil/src/main/java/shared/tester/Tester.java
shared.tester.NeuralNetworkTester	/Users/nima/Desktop/injection-experiment-gradle/abagil/src/main/java/shared/tester/NeuralNetworkTester.java
func.nn.NeuralNetwork	/Users/nima/Desktop/injection-experiment-gradle/abagil/src/main/java/func/nn/NeuralNetwork.java
shared.filt.DataSetFilter	/Users/nima/Desktop/injection-experiment-gradle/abagil/src/main/java/shared/filt/DataSetFilter.java
shared.filt.LabelFilter	/Users/nima/Desktop/injection-experiment-gradle/abagil/src/main/java/shared/filt/LabelFilter.java
shared.filt.ReversibleFilter	/Users/nima/Desktop/injection-experiment-gradle/abagil/src/main/java/shared/filt/ReversibleFilter.java
shared.filt.LinearDiscriminantAnalysis	/Users/nima/Desktop/injection-experiment-gradle/abagil/src/main/java/shared/filt/LinearDiscriminantAnalysis.java
shared.filt.LabelSelectFilter	/Users/nima/Desktop/injection-experiment-gradle/abagil/src/main/java/shared/filt/LabelSelectFilter.java
shared.filt.PrincipalComponentAnalysis	/Users/nima/Desktop/injection-experiment-gradle/abagil/src/main/java/shared/filt/PrincipalComponentAnalysis.java
shared.filt.VarianceCounter	/Users/nima/Desktop/injection-experiment-gradle/abagil/src/main/java/shared/filt/VarianceCounter.java
shared.filt.ContinuousToDiscreteFilter	/Users/nima/Desktop/injection-experiment-gradle/abagil/src/main/java/shared/filt/ContinuousToDiscreteFilter.java
shared.filt.InsignificantComponentAnalysis	/Users/nima/Desktop/injection-experiment-gradle/abagil/src/main/java/shared/filt/InsignificantComponentAnalysis.java
shared.filt.RandomizedProjectionFilter	/Users/nima/Desktop/injection-experiment-gradle/abagil/src/main/java/shared/filt/RandomizedProjectionFilter.java
shared.filt.DiscreteToBinaryFilter	/Users/nima/Desktop/injection-experiment-gradle/abagil/src/main/java/shared/filt/DiscreteToBinaryFilter.java
shared.filt.DiscreteDistributionFilter	/Users/nima/Desktop/injection-experiment-gradle/abagil/src/main/java/shared/filt/DiscreteDistributionFilter.java
shared.filt.RandomOrderFilter	/Users/nima/Desktop/injection-experiment-gradle/abagil/src/main/java/shared/filt/RandomOrderFilter.java
shared.filt.TestTrainSplitFilter	/Users/nima/Desktop/injection-experiment-gradle/abagil/src/main/java/shared/filt/TestTrainSplitFilter.java
shared.filt.LabelSplitFilter	/Users/nima/Desktop/injection-experiment-gradle/abagil/src/main/java/shared/filt/LabelSplitFilter.java
shared.filt.ica.ContrastFunction	/Users/nima/Desktop/injection-experiment-gradle/abagil/src/main/java/shared/filt/ica/ContrastFunction.java
shared.filt.ica.HyperbolicTangentContrast	/Users/nima/Desktop/injection-experiment-gradle/abagil/src/main/java/shared/filt/ica/HyperbolicTangentContrast.java
shared.filt.IndependentComponentAnalysis	/Users/nima/Desktop/injection-experiment-gradle/abagil/src/main/java/shared/filt/IndependentComponentAnalysis.java
shared.HammingDistance	/Users/nima/Desktop/injection-experiment-gradle/abagil/src/main/java/shared/HammingDistance.java
shared.ConvergenceTrainer	/Users/nima/Desktop/injection-experiment-gradle/abagil/src/main/java/shared/ConvergenceTrainer.java
shared.EuclideanDistance	/Users/nima/Desktop/injection-experiment-gradle/abagil/src/main/java/shared/EuclideanDistance.java
shared.SumOfSquaresError	/Users/nima/Desktop/injection-experiment-gradle/abagil/src/main/java/shared/SumOfSquaresError.java
shared.GradientErrorMeasure	/Users/nima/Desktop/injection-experiment-gradle/abagil/src/main/java/shared/GradientErrorMeasure.java
opt.RandomizedHillClimbing	/Users/nima/Desktop/injection-experiment-gradle/abagil/src/main/java/opt/RandomizedHillClimbing.java
opt.OptimizationAlgorithm	/Users/nima/Desktop/injection-experiment-gradle/abagil/src/main/java/opt/OptimizationAlgorithm.java
opt.HillClimbingProblem	/Users/nima/Desktop/injection-experiment-gradle/abagil/src/main/java/opt/HillClimbingProblem.java
opt.OptimizationProblem	/Users/nima/Desktop/injection-experiment-gradle/abagil/src/main/java/opt/OptimizationProblem.java
opt.prob.GenericProbabilisticOptimizationProblem	/Users/nima/Desktop/injection-experiment-gradle/abagil/src/main/java/opt/prob/GenericProbabilisticOptimizationProblem.java
opt.GenericOptimizationProblem	/Users/nima/Desktop/injection-experiment-gradle/abagil/src/main/java/opt/GenericOptimizationProblem.java
opt.prob.ProbabilisticOptimizationProblem	/Users/nima/Desktop/injection-experiment-gradle/abagil/src/main/java/opt/prob/ProbabilisticOptimizationProblem.java
opt.EvaluationFunction	/Users/nima/Desktop/injection-experiment-gradle/abagil/src/main/java/opt/EvaluationFunction.java
opt.prob.MIMIC	/Users/nima/Desktop/injection-experiment-gradle/abagil/src/main/java/opt/prob/MIMIC.java
opt.ga.SingleCrossOver	/Users/nima/Desktop/injection-experiment-gradle/abagil/src/main/java/opt/ga/SingleCrossOver.java
opt.ga.CrossoverFunction	/Users/nima/Desktop/injection-experiment-gradle/abagil/src/main/java/opt/ga/CrossoverFunction.java
opt.ga.MaxKColorFitnessFunction	/Users/nima/Desktop/injection-experiment-gradle/abagil/src/main/java/opt/ga/MaxKColorFitnessFunction.java
opt.ga.Vertex	/Users/nima/Desktop/injection-experiment-gradle/abagil/src/main/java/opt/ga/Vertex.java
opt.ga.BoardLocation	/Users/nima/Desktop/injection-experiment-gradle/abagil/src/main/java/opt/ga/BoardLocation.java
opt.ga.StandardGeneticAlgorithm	/Users/nima/Desktop/injection-experiment-gradle/abagil/src/main/java/opt/ga/StandardGeneticAlgorithm.java
opt.ga.GeneticAlgorithmProblem	/Users/nima/Desktop/injection-experiment-gradle/abagil/src/main/java/opt/ga/GeneticAlgorithmProblem.java
opt.ga.ContinuousAddOneMutation	/Users/nima/Desktop/injection-experiment-gradle/abagil/src/main/java/opt/ga/ContinuousAddOneMutation.java
opt.ga.MutationFunction	/Users/nima/Desktop/injection-experiment-gradle/abagil/src/main/java/opt/ga/MutationFunction.java
opt.ga.UniformCrossOver	/Users/nima/Desktop/injection-experiment-gradle/abagil/src/main/java/opt/ga/UniformCrossOver.java
opt.ga.DiscreteChangeOneMutation	/Users/nima/Desktop/injection-experiment-gradle/abagil/src/main/java/opt/ga/DiscreteChangeOneMutation.java
opt.ga.GenericGeneticAlgorithmProblem	/Users/nima/Desktop/injection-experiment-gradle/abagil/src/main/java/opt/ga/GenericGeneticAlgorithmProblem.java
opt.ga.SwapMutation	/Users/nima/Desktop/injection-experiment-gradle/abagil/src/main/java/opt/ga/SwapMutation.java
opt.ga.NQueensFitnessFunction	/Users/nima/Desktop/injection-experiment-gradle/abagil/src/main/java/opt/ga/NQueensFitnessFunction.java
opt.ga.NQueensBoardGame	/Users/nima/Desktop/injection-experiment-gradle/abagil/src/main/java/opt/ga/NQueensBoardGame.java
opt.SimulatedAnnealing	/Users/nima/Desktop/injection-experiment-gradle/abagil/src/main/java/opt/SimulatedAnnealing.java
opt.test.CountOnesTest	/Users/nima/Desktop/injection-experiment-gradle/abagil/src/main/java/opt/test/CountOnesTest.java
opt.test.XORTestNoBackpropSimAnneal	/Users/nima/Desktop/injection-experiment-gradle/abagil/src/main/java/opt/test/XORTestNoBackpropSimAnneal.java
opt.test.FourPeaksTest	/Users/nima/Desktop/injection-experiment-gradle/abagil/src/main/java/opt/test/FourPeaksTest.java
opt.test.AbaloneTest	/Users/nima/Desktop/injection-experiment-gradle/abagil/src/main/java/opt/test/AbaloneTest.java
func.nn.backprop.BackPropagationNetworkFactory	/Users/nima/Desktop/injection-experiment-gradle/abagil/src/main/java/func/nn/backprop/BackPropagationNetworkFactory.java
func.nn.backprop.BackPropagationNetwork	/Users/nima/Desktop/injection-experiment-gradle/abagil/src/main/java/func/nn/backprop/BackPropagationNetwork.java
func.nn.feedfwd.FeedForwardNetwork	/Users/nima/Desktop/injection-experiment-gradle/abagil/src/main/java/func/nn/feedfwd/FeedForwardNetwork.java
func.nn.LayeredNetwork	/Users/nima/Desktop/injection-experiment-gradle/abagil/src/main/java/func/nn/LayeredNetwork.java
opt.example.NeuralNetworkOptimizationProblem	/Users/nima/Desktop/injection-experiment-gradle/abagil/src/main/java/opt/example/NeuralNetworkOptimizationProblem.java
opt.NeighborFunction	/Users/nima/Desktop/injection-experiment-gradle/abagil/src/main/java/opt/NeighborFunction.java
func.nn.backprop.WeightUpdateRule	/Users/nima/Desktop/injection-experiment-gradle/abagil/src/main/java/func/nn/backprop/WeightUpdateRule.java
func.nn.backprop.BackPropagationLink	/Users/nima/Desktop/injection-experiment-gradle/abagil/src/main/java/func/nn/backprop/BackPropagationLink.java
func.nn.Link	/Users/nima/Desktop/injection-experiment-gradle/abagil/src/main/java/func/nn/Link.java
func.nn.Neuron	/Users/nima/Desktop/injection-experiment-gradle/abagil/src/main/java/func/nn/Neuron.java
func.nn.Layer	/Users/nima/Desktop/injection-experiment-gradle/abagil/src/main/java/func/nn/Layer.java
func.nn.activation.DifferentiableActivationFunction	/Users/nima/Desktop/injection-experiment-gradle/abagil/src/main/java/func/nn/activation/DifferentiableActivationFunction.java
func.nn.activation.ActivationFunction	/Users/nima/Desktop/injection-experiment-gradle/abagil/src/main/java/func/nn/activation/ActivationFunction.java
opt.test.NQueensTest	/Users/nima/Desktop/injection-experiment-gradle/abagil/src/main/java/opt/test/NQueensTest.java
opt.test.XORTest	/Users/nima/Desktop/injection-experiment-gradle/abagil/src/main/java/opt/test/XORTest.java
opt.test.KnapsackTest	/Users/nima/Desktop/injection-experiment-gradle/abagil/src/main/java/opt/test/KnapsackTest.java
opt.test.MaxKColoringTest	/Users/nima/Desktop/injection-experiment-gradle/abagil/src/main/java/opt/test/MaxKColoringTest.java
opt.test.ContinuousPeaksTest	/Users/nima/Desktop/injection-experiment-gradle/abagil/src/main/java/opt/test/ContinuousPeaksTest.java
opt.test.FlipFlopTest	/Users/nima/Desktop/injection-experiment-gradle/abagil/src/main/java/opt/test/FlipFlopTest.java
opt.test.XORTestNoBackprop	/Users/nima/Desktop/injection-experiment-gradle/abagil/src/main/java/opt/test/XORTestNoBackprop.java
opt.test.XORTestNoBackpropGeneticAlgo	/Users/nima/Desktop/injection-experiment-gradle/abagil/src/main/java/opt/test/XORTestNoBackpropGeneticAlgo.java
opt.test.TravelingSalesmanTest	/Users/nima/Desktop/injection-experiment-gradle/abagil/src/main/java/opt/test/TravelingSalesmanTest.java
opt.example.FourPeaksEvaluationFunction	/Users/nima/Desktop/injection-experiment-gradle/abagil/src/main/java/opt/example/FourPeaksEvaluationFunction.java
opt.example.NeuralNetworkEvaluationFunction	/Users/nima/Desktop/injection-experiment-gradle/abagil/src/main/java/opt/example/NeuralNetworkEvaluationFunction.java
opt.example.NeuralNetworkWeightDistribution	/Users/nima/Desktop/injection-experiment-gradle/abagil/src/main/java/opt/example/NeuralNetworkWeightDistribution.java
opt.example.TravelingSalesmanEvaluationFunction	/Users/nima/Desktop/injection-experiment-gradle/abagil/src/main/java/opt/example/TravelingSalesmanEvaluationFunction.java
opt.example.TravelingSalesmanSortEvaluationFunction	/Users/nima/Desktop/injection-experiment-gradle/abagil/src/main/java/opt/example/TravelingSalesmanSortEvaluationFunction.java
opt.example.FlipFlopEvaluationFunction	/Users/nima/Desktop/injection-experiment-gradle/abagil/src/main/java/opt/example/FlipFlopEvaluationFunction.java
opt.example.CountOnesEvaluationFunction	/Users/nima/Desktop/injection-experiment-gradle/abagil/src/main/java/opt/example/CountOnesEvaluationFunction.java
opt.example.TravelingSalesmanCrossOver	/Users/nima/Desktop/injection-experiment-gradle/abagil/src/main/java/opt/example/TravelingSalesmanCrossOver.java
opt.example.KnapsackEvaluationFunction	/Users/nima/Desktop/injection-experiment-gradle/abagil/src/main/java/opt/example/KnapsackEvaluationFunction.java
opt.example.ContinuousPeaksEvaluationFunction	/Users/nima/Desktop/injection-experiment-gradle/abagil/src/main/java/opt/example/ContinuousPeaksEvaluationFunction.java
opt.example.TravelingSalesmanRouteEvaluationFunction	/Users/nima/Desktop/injection-experiment-gradle/abagil/src/main/java/opt/example/TravelingSalesmanRouteEvaluationFunction.java
opt.SwapNeighbor	/Users/nima/Desktop/injection-experiment-gradle/abagil/src/main/java/opt/SwapNeighbor.java
opt.DiscreteChangeOneNeighbor	/Users/nima/Desktop/injection-experiment-gradle/abagil/src/main/java/opt/DiscreteChangeOneNeighbor.java
opt.GenericHillClimbingProblem	/Users/nima/Desktop/injection-experiment-gradle/abagil/src/main/java/opt/GenericHillClimbingProblem.java
opt.ContinuousAddOneNeighbor	/Users/nima/Desktop/injection-experiment-gradle/abagil/src/main/java/opt/ContinuousAddOneNeighbor.java
rl.SimpleMarkovDecisionProcess	/Users/nima/Desktop/injection-experiment-gradle/abagil/src/main/java/rl/SimpleMarkovDecisionProcess.java
rl.MarkovDecisionProcess	/Users/nima/Desktop/injection-experiment-gradle/abagil/src/main/java/rl/MarkovDecisionProcess.java
rl.MazeMarkovDecisionProcess	/Users/nima/Desktop/injection-experiment-gradle/abagil/src/main/java/rl/MazeMarkovDecisionProcess.java
rl.test.MDPTest	/Users/nima/Desktop/injection-experiment-gradle/abagil/src/main/java/rl/test/MDPTest.java
rl.test.MazeMDPTest	/Users/nima/Desktop/injection-experiment-gradle/abagil/src/main/java/rl/test/MazeMDPTest.java
rl.test.NonDeterministicMazeMDPTest	/Users/nima/Desktop/injection-experiment-gradle/abagil/src/main/java/rl/test/NonDeterministicMazeMDPTest.java
rl.GreedyStrategy	/Users/nima/Desktop/injection-experiment-gradle/abagil/src/main/java/rl/GreedyStrategy.java
rl.ExplorationStrategy	/Users/nima/Desktop/injection-experiment-gradle/abagil/src/main/java/rl/ExplorationStrategy.java
rl.PolicyLearner	/Users/nima/Desktop/injection-experiment-gradle/abagil/src/main/java/rl/PolicyLearner.java
rl.Policy	/Users/nima/Desktop/injection-experiment-gradle/abagil/src/main/java/rl/Policy.java
rl.ValueIteration	/Users/nima/Desktop/injection-experiment-gradle/abagil/src/main/java/rl/ValueIteration.java
rl.EpsilonGreedyStrategy	/Users/nima/Desktop/injection-experiment-gradle/abagil/src/main/java/rl/EpsilonGreedyStrategy.java
rl.DecayingEpsilonGreedyStrategy	/Users/nima/Desktop/injection-experiment-gradle/abagil/src/main/java/rl/DecayingEpsilonGreedyStrategy.java
rl.MazeMarkovDecisionProcessVisualization	/Users/nima/Desktop/injection-experiment-gradle/abagil/src/main/java/rl/MazeMarkovDecisionProcessVisualization.java
rl.PolicyIteration	/Users/nima/Desktop/injection-experiment-gradle/abagil/src/main/java/rl/PolicyIteration.java
rl.QLambda	/Users/nima/Desktop/injection-experiment-gradle/abagil/src/main/java/rl/QLambda.java
rl.NonDeterministicMazeMDP	/Users/nima/Desktop/injection-experiment-gradle/abagil/src/main/java/rl/NonDeterministicMazeMDP.java
rl.SarsaLambda	/Users/nima/Desktop/injection-experiment-gradle/abagil/src/main/java/rl/SarsaLambda.java
func.EMClusterer	/Users/nima/Desktop/injection-experiment-gradle/abagil/src/main/java/func/EMClusterer.java
func.FunctionApproximater	/Users/nima/Desktop/injection-experiment-gradle/abagil/src/main/java/func/FunctionApproximater.java
func.SimpleSupportVectorMachineClassifier	/Users/nima/Desktop/injection-experiment-gradle/abagil/src/main/java/func/SimpleSupportVectorMachineClassifier.java
func.svm.SupportVectorMachine	/Users/nima/Desktop/injection-experiment-gradle/abagil/src/main/java/func/svm/SupportVectorMachine.java
func.svm.Kernel	/Users/nima/Desktop/injection-experiment-gradle/abagil/src/main/java/func/svm/Kernel.java
func.nn.feedfwd.FeedForwardBiasNode	/Users/nima/Desktop/injection-experiment-gradle/abagil/src/main/java/func/nn/feedfwd/FeedForwardBiasNode.java
func.nn.feedfwd.FeedForwardNode	/Users/nima/Desktop/injection-experiment-gradle/abagil/src/main/java/func/nn/feedfwd/FeedForwardNode.java
func.nn.feedfwd.FeedForwardLayer	/Users/nima/Desktop/injection-experiment-gradle/abagil/src/main/java/func/nn/feedfwd/FeedForwardLayer.java
func.nn.feedfwd.FeedForwardNeuralNetworkFactory	/Users/nima/Desktop/injection-experiment-gradle/abagil/src/main/java/func/nn/feedfwd/FeedForwardNeuralNetworkFactory.java
func.nn.activation.LinearActivationFunction	/Users/nima/Desktop/injection-experiment-gradle/abagil/src/main/java/func/nn/activation/LinearActivationFunction.java
func.nn.activation.HyperbolicTangentSigmoid	/Users/nima/Desktop/injection-experiment-gradle/abagil/src/main/java/func/nn/activation/HyperbolicTangentSigmoid.java
func.nn.activation.LogisticSigmoid	/Users/nima/Desktop/injection-experiment-gradle/abagil/src/main/java/func/nn/activation/LogisticSigmoid.java
func.nn.backprop.BasicUpdateRule	/Users/nima/Desktop/injection-experiment-gradle/abagil/src/main/java/func/nn/backprop/BasicUpdateRule.java
func.nn.backprop.BatchBackPropagationTrainer	/Users/nima/Desktop/injection-experiment-gradle/abagil/src/main/java/func/nn/backprop/BatchBackPropagationTrainer.java
func.nn.NetworkTrainer	/Users/nima/Desktop/injection-experiment-gradle/abagil/src/main/java/func/nn/NetworkTrainer.java
func.nn.backprop.BackPropagationNode	/Users/nima/Desktop/injection-experiment-gradle/abagil/src/main/java/func/nn/backprop/BackPropagationNode.java
func.nn.backprop.BackPropagationLayer	/Users/nima/Desktop/injection-experiment-gradle/abagil/src/main/java/func/nn/backprop/BackPropagationLayer.java
func.nn.backprop.StochasticBackPropagationTrainer	/Users/nima/Desktop/injection-experiment-gradle/abagil/src/main/java/func/nn/backprop/StochasticBackPropagationTrainer.java
func.nn.backprop.QuickpropUpdateRule	/Users/nima/Desktop/injection-experiment-gradle/abagil/src/main/java/func/nn/backprop/QuickpropUpdateRule.java
func.nn.backprop.BackPropagationBiasNode	/Users/nima/Desktop/injection-experiment-gradle/abagil/src/main/java/func/nn/backprop/BackPropagationBiasNode.java
func.nn.backprop.BackPropagationSoftMaxOutputLayer	/Users/nima/Desktop/injection-experiment-gradle/abagil/src/main/java/func/nn/backprop/BackPropagationSoftMaxOutputLayer.java
func.nn.backprop.RPROPUpdateRule	/Users/nima/Desktop/injection-experiment-gradle/abagil/src/main/java/func/nn/backprop/RPROPUpdateRule.java
func.nn.backprop.StandardUpdateRule	/Users/nima/Desktop/injection-experiment-gradle/abagil/src/main/java/func/nn/backprop/StandardUpdateRule.java
func.test.DecisionStumpTest	/Users/nima/Desktop/injection-experiment-gradle/abagil/src/main/java/func/test/DecisionStumpTest.java
func.test.GaussianProcessRegressionTest	/Users/nima/Desktop/injection-experiment-gradle/abagil/src/main/java/func/test/GaussianProcessRegressionTest.java
func.test.DecisionTreeTest	/Users/nima/Desktop/injection-experiment-gradle/abagil/src/main/java/func/test/DecisionTreeTest.java
func.test.KMeansClustererTest	/Users/nima/Desktop/injection-experiment-gradle/abagil/src/main/java/func/test/KMeansClustererTest.java
func.test.SequentialMinimalOptimizationTest	/Users/nima/Desktop/injection-experiment-gradle/abagil/src/main/java/func/test/SequentialMinimalOptimizationTest.java
func.test.SingleClassSequentialMinimalOptimizationTest	/Users/nima/Desktop/injection-experiment-gradle/abagil/src/main/java/func/test/SingleClassSequentialMinimalOptimizationTest.java
func.test.NNClassificationTest	/Users/nima/Desktop/injection-experiment-gradle/abagil/src/main/java/func/test/NNClassificationTest.java
func.test.PruningCriteriaTest	/Users/nima/Desktop/injection-experiment-gradle/abagil/src/main/java/func/test/PruningCriteriaTest.java
func.test.NNBinaryClassificationTest	/Users/nima/Desktop/injection-experiment-gradle/abagil/src/main/java/func/test/NNBinaryClassificationTest.java
func.test.SplitEvaluatorTest	/Users/nima/Desktop/injection-experiment-gradle/abagil/src/main/java/func/test/SplitEvaluatorTest.java
func.test.AdaBoostTest	/Users/nima/Desktop/injection-experiment-gradle/abagil/src/main/java/func/test/AdaBoostTest.java
func.test.KNNClassifierTest	/Users/nima/Desktop/injection-experiment-gradle/abagil/src/main/java/func/test/KNNClassifierTest.java
func.test.EMClustererTest	/Users/nima/Desktop/injection-experiment-gradle/abagil/src/main/java/func/test/EMClustererTest.java
func.test.NNRegressionTest	/Users/nima/Desktop/injection-experiment-gradle/abagil/src/main/java/func/test/NNRegressionTest.java
func.GaussianProcessRegression	/Users/nima/Desktop/injection-experiment-gradle/abagil/src/main/java/func/GaussianProcessRegression.java
func.DecisionTreeClassifier	/Users/nima/Desktop/injection-experiment-gradle/abagil/src/main/java/func/DecisionTreeClassifier.java
func.dtree.SplitEvaluator	/Users/nima/Desktop/injection-experiment-gradle/abagil/src/main/java/func/dtree/SplitEvaluator.java
func.dtree.PruningCriteria	/Users/nima/Desktop/injection-experiment-gradle/abagil/src/main/java/func/dtree/PruningCriteria.java
func.dtree.DecisionTreeNode	/Users/nima/Desktop/injection-experiment-gradle/abagil/src/main/java/func/dtree/DecisionTreeNode.java
func.dtree.DecisionTreeSplit	/Users/nima/Desktop/injection-experiment-gradle/abagil/src/main/java/func/dtree/DecisionTreeSplit.java
func.dtree.DecisionTreeSplitStatistics	/Users/nima/Desktop/injection-experiment-gradle/abagil/src/main/java/func/dtree/DecisionTreeSplitStatistics.java
func.NeuralNetworkClassifier	/Users/nima/Desktop/injection-experiment-gradle/abagil/src/main/java/func/NeuralNetworkClassifier.java
func.KNNClassifier	/Users/nima/Desktop/injection-experiment-gradle/abagil/src/main/java/func/KNNClassifier.java
func.inst.KDTree	/Users/nima/Desktop/injection-experiment-gradle/abagil/src/main/java/func/inst/KDTree.java
func.inst.KDTreeNode	/Users/nima/Desktop/injection-experiment-gradle/abagil/src/main/java/func/inst/KDTreeNode.java
func.inst.HyperRectangle	/Users/nima/Desktop/injection-experiment-gradle/abagil/src/main/java/func/inst/HyperRectangle.java
func.inst.NearestNeighborQueue	/Users/nima/Desktop/injection-experiment-gradle/abagil/src/main/java/func/inst/NearestNeighborQueue.java
func.svm.SingleClassSupportVectorMachine	/Users/nima/Desktop/injection-experiment-gradle/abagil/src/main/java/func/svm/SingleClassSupportVectorMachine.java
func.svm.SequentialMinimalOptimization	/Users/nima/Desktop/injection-experiment-gradle/abagil/src/main/java/func/svm/SequentialMinimalOptimization.java
func.svm.RBFKernel	/Users/nima/Desktop/injection-experiment-gradle/abagil/src/main/java/func/svm/RBFKernel.java
func.svm.PolynomialKernel	/Users/nima/Desktop/injection-experiment-gradle/abagil/src/main/java/func/svm/PolynomialKernel.java
func.svm.SingleClassSequentialMinimalOptimization	/Users/nima/Desktop/injection-experiment-gradle/abagil/src/main/java/func/svm/SingleClassSequentialMinimalOptimization.java
func.svm.LinearKernel	/Users/nima/Desktop/injection-experiment-gradle/abagil/src/main/java/func/svm/LinearKernel.java
func.svm.SigmoidKernel	/Users/nima/Desktop/injection-experiment-gradle/abagil/src/main/java/func/svm/SigmoidKernel.java
func.KMeansClusterer	/Users/nima/Desktop/injection-experiment-gradle/abagil/src/main/java/func/KMeansClusterer.java
func.AdaBoostClassifier	/Users/nima/Desktop/injection-experiment-gradle/abagil/src/main/java/func/AdaBoostClassifier.java
func.dtree.GINISplitEvaluator	/Users/nima/Desktop/injection-experiment-gradle/abagil/src/main/java/func/dtree/GINISplitEvaluator.java
func.dtree.InformationGainSplitEvaluator	/Users/nima/Desktop/injection-experiment-gradle/abagil/src/main/java/func/dtree/InformationGainSplitEvaluator.java
func.dtree.ChiSquarePruningCriteria	/Users/nima/Desktop/injection-experiment-gradle/abagil/src/main/java/func/dtree/ChiSquarePruningCriteria.java
func.dtree.StandardDecisionTreeSplit	/Users/nima/Desktop/injection-experiment-gradle/abagil/src/main/java/func/dtree/StandardDecisionTreeSplit.java
func.dtree.BinaryDecisionTreeSplit	/Users/nima/Desktop/injection-experiment-gradle/abagil/src/main/java/func/dtree/BinaryDecisionTreeSplit.java
func.DecisionStumpClassifier	/Users/nima/Desktop/injection-experiment-gradle/abagil/src/main/java/func/DecisionStumpClassifier.java
